run_id,user_email,question_text,run_status,run_duration_sec,output_snippet,timestamp
r23-0000001,pjohnson@vermillionchemical.com,[Cash Forecaster] Build the board deck cash slide for Apr,completed,0.3,error code 502 from model gateway,03/02/2026 12:04:20 PM
r23-0000002,jbrown@vermillionchemical.com,[Budget vs Actual] Build the board deck cash slide for Mar,completed,40.2,"Accounting Mar variance was $3,143,388 vs plan",03/03/2026 01:14:04 PM
r23-0000003,pjohnson@vermillionchemical.com,[Cash Forecaster] Explain the headcount variance vs plan,completed,42.4,"Treasury Mar variance was $2,200,944 vs plan",03/17/2026 11:37:25 AM
r23-0000004,jbrown@vermillionchemical.com,[AP Aging Analyst] Draft flux commentary for the May close,completed,74.4,"Ops May variance was $1,802,466 vs plan",03/17/2026 03:04:15 PM
r23-0000005,jbrown@vermillionchemical.com,[Close Checklist Bot] Draft flux commentary for the Feb close,completed,0.9,Traceback (most recent call last): KeyError 'entity',03/21/2026 02:18:52 PM
r23-0000006,jbrown@vermillionchemical.com,[Flux Commentary] Reconcile AP aging over 90 days for MX-05,error,1.2,ERROR: upstream request timed out,03/24/2026 10:11:24 AM
r23-0000007,jbrown@vermillionchemical.com,[Close Checklist Bot] Which cost centers are over budget YTD?,completed,40.3,"FP&A Jan variance was $4,741,830 vs plan",04/07/2026 08:40:43 AM
r23-0000008,pjohnson@vermillionchemical.com,[Headcount Planner] Reconcile AP aging over 90 days for MX-02,completed,31.9,"Ops May variance was $4,553,412 vs plan",04/09/2026 06:38:13 PM
r23-0000009,jbrown@vermillionchemical.com,[Board Deck Builder] Summarize the Mar variance for entity CA-03,completed,68.3,"FP&A Mar variance was $3,028,870 vs plan",04/13/2026 10:51:54 AM
r23-0000010,pjohnson@vermillionchemical.com,[Vendor Spend Analyzer] Summarize the Mar variance for entity EU-05,completed,45.0,"Ops Mar variance was $2,943,167 vs plan",04/23/2026 01:31:59 PM
r23-0000011,pjohnson@vermillionchemical.com,[Board Deck Builder] Reconcile AP aging over 90 days for US-05,completed,31.4,"FP&A Apr variance was $3,272,395 vs plan",05/08/2026 11:30:34 AM
r23-0000012,pjohnson@vermillionchemical.com,[Variance Explainer] Build the board deck cash slide for Apr,completed,42.6,"FP&A Apr variance was $2,172,252 vs plan",05/14/2026 12:40:56 PM
r23-0000013,jbrown@vermillionchemical.com,[Board Deck Builder] What drove the change in gross margin this quarter?,completed,24.2,"Treasury May variance was $3,754,775 vs plan",05/22/2026 04:15:04 PM
r23-0000014,jbrown@vermillionchemical.com,[Covenant Checker] Build the board deck cash slide for Mar,completed,33.9,"Treasury Mar variance was $1,155,366 vs plan",05/27/2026 12:33:18 PM
r23-0000015,jbrown@vermillionchemical.com,[Close Checklist Bot] Why did Ops spend exceed budget in Jun?,completed,8.5,"Ops Jun variance was $2,017,282 vs plan",06/07/2026 11:26:36 AM
r23-0000016,pjohnson@vermillionchemical.com,[Budget vs Actual] Why did Accounting spend exceed budget in Mar?,completed,31.7,"Accounting Mar variance was $1,992,153 vs plan",06/22/2026 01:15:19 PM
